{"cameraMode":{"drawMode":0,"name":"Shaded","section":"Shading Mode"},"sceneLighting":true,"audioPlay":false,"sceneViewState":{"m_AlwaysRefresh":false,"showFog":true,"showSkybox":false,"showFlares":true,"showImageEffects":true,"showParticleSystems":true,"showVisualEffectGraphs":true,"m_FxEnabled":true},"in2DMode":false,"pivot":{"x":-47.13999938964844,"y":9.470001220703125,"z":-0.7899999618530273},"rotation":{"x":0.07776379585266113,"y":0.06336427479982376,"z":-0.004952107556164265,"w":0.9949474930763245},"size":0.8660253882408142,"orthographic":false}